{"results": {"total_iterations": 7, "title": "udp_for_benchmarks", "Elapsed Time": 280.47392106056213, "queue_full_percentage": 0.0, "drop_rate_percentage": 0.08102175455516639, "valid_latency": true, "rate_tx_bps": 4521390592.0, "rate_rx_bps": 4521388032.0, "tx_util": 5.934322111999999, "latency": {}, "cpu_util": 3.1170263290405273, "tx_pps": 8830822.00000003, "bw_per_core": 12.087884902954102, "rx_pps": 8830837.0, "rate_p": 7.03125, "total_tx_L1": 5934322112.000022, "total_rx_L1": 5934321952.0, "tx_bps": 4521390592.000017, "rx_bps": 4521388032.0, "max_rate_bps": 64505794560.0, "iteration": 6, "rate_difference": 0, "ndr_points": [4521390592.000017]}, "config": {"iteration_duration": 40.0, "q_full_resolution": 2.0, "first_run_duration": 40.0, "pdr": 0.1, "pdr_error": 1.0, "ndr_results": 1, "max_iterations": 10, "ports": [0, 1], "cores": 24, "total_cores": 24, "verbose": false, "bi_dir": false, "plugin_file": null, "tunables": {}, "opt_binary_search": false, "title": "udp_for_benchmarks", "opt_binary_search_percentage": 5}}