{"results": {"total_iterations": 7, "title": "udp_for_benchmarks", "Elapsed Time": 280.45247983932495, "queue_full_percentage": 0.0, "drop_rate_percentage": 0.09673024899167074, "valid_latency": true, "rate_tx_bps": 87655473152.0, "rate_rx_bps": 87664623616.0, "tx_util": 88.82421299199999, "latency": {}, "cpu_util": 3.2347826957702637, "tx_pps": 7304624.0, "bw_per_core": 225.81495666503906, "rx_pps": 7305386.0, "rate_p": 89.0625, "total_tx_L1": 88824212991.99998, "total_rx_L1": 88833485376.0, "tx_bps": 87655473152.0, "rx_bps": 87664623616.0, "max_rate_bps": 98441379840.0, "iteration": 6, "rate_difference": 0, "ndr_points": [87655473152.0]}, "config": {"iteration_duration": 40.0, "q_full_resolution": 2.0, "first_run_duration": 40.0, "pdr": 0.1, "pdr_error": 1.0, "ndr_results": 1, "max_iterations": 10, "ports": [0, 1], "cores": 24, "total_cores": 24, "verbose": false, "bi_dir": false, "plugin_file": null, "tunables": {}, "opt_binary_search": false, "title": "udp_for_benchmarks", "opt_binary_search_percentage": 5}}