{"results": {"total_iterations": 7, "title": "bng_flow_stats", "Elapsed Time": 280.7215871810913, "queue_full_percentage": 0.0, "drop_rate_percentage": 0.014535967402784497, "valid_latency": true, "rate_tx_bps": 56330096640.0, "rate_rx_bps": 56472817664.0, "tx_util": 73.93324799999999, "latency": {}, "cpu_util": 71.43517303466797, "tx_pps": 110019696.0, "bw_per_core": 7.88548469543457, "rx_pps": 110298464.0, "rate_p": 74.21875, "total_tx_L1": 73933248000.0, "total_rx_L1": 74120571904.0, "tx_bps": 56330096640.0, "rx_bps": 56472817664.0, "max_rate_bps": 76049285120.0, "iteration": 6, "rate_difference": 0, "ndr_points": [56330096640.0]}, "config": {"iteration_duration": 40.0, "q_full_resolution": 2.0, "first_run_duration": 40.0, "pdr": 0.1, "pdr_error": 1.0, "ndr_results": 1, "max_iterations": 10, "ports": [0, 1], "cores": 20, "total_cores": 20, "verbose": false, "bi_dir": false, "plugin_file": null, "tunables": {}, "opt_binary_search": false, "title": "bng_flow_stats", "opt_binary_search_percentage": 5}}