{"results": {"total_iterations": 7, "title": "bng_flow_stats", "Elapsed Time": 281.3725960254669, "queue_full_percentage": 0.0, "drop_rate_percentage": 100.0, "valid_latency": true, "rate_tx_bps": 258081696.0, "rate_rx_bps": 8.900256393969048e-22, "tx_util": 0.3339880760000001, "latency": {}, "cpu_util": 0.6305944323539734, "tx_pps": 474414.875, "bw_per_core": 3.4105610847473145, "rx_pps": 1.6360821346407267e-24, "rate_p": 0, "total_tx_L1": 333988076.00000006, "total_rx_L1": 1.151798780939421e-21, "tx_bps": 258081696.0, "rx_bps": 8.900256393969048e-22, "max_rate_bps": 33198727168.0, "iteration": 6, "rate_difference": 0, "ndr_points": [258081696.0]}, "config": {"iteration_duration": 40.0, "q_full_resolution": 2.0, "first_run_duration": 40.0, "pdr": 0.1, "pdr_error": 1.0, "ndr_results": 1, "max_iterations": 10, "ports": [0, 1], "cores": 24, "total_cores": 24, "verbose": false, "bi_dir": false, "plugin_file": null, "tunables": {}, "opt_binary_search": false, "title": "bng_flow_stats", "opt_binary_search_percentage": 5}}