{"results": {"total_iterations": 7, "title": "bng_flow_stats", "Elapsed Time": 280.78105902671814, "queue_full_percentage": 0.0, "drop_rate_percentage": 0.06437385685837675, "valid_latency": true, "rate_tx_bps": 56587669504.0, "rate_rx_bps": 56327933952.0, "tx_util": 74.27132006400001, "latency": {}, "cpu_util": 52.68147659301758, "tx_pps": 110522816.0, "bw_per_core": 8.951228141784668, "rx_pps": 110015488.0, "rate_p": 74.21875, "total_tx_L1": 74271320064.0, "total_rx_L1": 73930412032.0, "tx_bps": 56587669504.0, "rx_bps": 56327933952.0, "max_rate_bps": 76093054976.0, "iteration": 6, "rate_difference": 0, "ndr_points": [56587669504.0]}, "config": {"iteration_duration": 40.0, "q_full_resolution": 2.0, "first_run_duration": 40.0, "pdr": 0.1, "pdr_error": 1.0, "ndr_results": 1, "max_iterations": 10, "ports": [0, 1], "cores": 24, "total_cores": 24, "verbose": false, "bi_dir": false, "plugin_file": null, "tunables": {}, "opt_binary_search": false, "title": "bng_flow_stats", "opt_binary_search_percentage": 5}}