{"results": {"total_iterations": 0, "title": "bng_flow_stats", "Elapsed Time": 35.102713108062744, "queue_full_percentage": 0.18111354510755237, "drop_rate_percentage": 0, "valid_latency": true, "rate_tx_bps": 24847030272.0, "rate_rx_bps": 24878735360.0, "tx_util": 32.611726592000004, "latency": {}, "cpu_util": 99.60465240478516, "tx_pps": 48529352.0, "bw_per_core": 6.23641300201416, "rx_pps": 48591280.0, "rate_p": 100.0, "total_tx_L1": 32611726592.0, "total_rx_L1": 32653340160.0, "tx_bps": 24847030272.0, "rx_bps": 24878735360.0, "max_rate_bps": 24847030272.0, "ndr_points": [24847030272.0]}, "config": {"iteration_duration": 40.0, "q_full_resolution": 2.0, "first_run_duration": 40.0, "pdr": 0.1, "pdr_error": 1.0, "ndr_results": 1, "max_iterations": 10, "ports": [0, 1], "cores": 8, "total_cores": 8, "verbose": false, "bi_dir": false, "plugin_file": null, "tunables": {}, "opt_binary_search": false, "title": "bng_flow_stats", "opt_binary_search_percentage": 5}}