{"results": {"total_iterations": 7, "title": "udp_for_benchmarks", "Elapsed Time": 280.48657417297363, "queue_full_percentage": 0.0, "drop_rate_percentage": 0.06993027697179124, "valid_latency": true, "rate_tx_bps": 14893724672.0, "rate_rx_bps": 14852672512.0, "tx_util": 15.475510831999998, "latency": {}, "cpu_util": 1.6119756698608398, "tx_pps": 3636163.5, "bw_per_core": 76.99518585205078, "rx_pps": 3626136.0, "rate_p": 15.625, "total_tx_L1": 15475510831.999998, "total_rx_L1": 15432854272.0, "tx_bps": 14893724672.0, "rx_bps": 14852672512.0, "max_rate_bps": 95212273664.0, "iteration": 6, "rate_difference": 0, "ndr_points": [14893724672.0]}, "config": {"iteration_duration": 40.0, "q_full_resolution": 2.0, "first_run_duration": 40.0, "pdr": 0.1, "pdr_error": 1.0, "ndr_results": 1, "max_iterations": 10, "ports": [0, 1], "cores": 24, "total_cores": 24, "verbose": false, "bi_dir": false, "plugin_file": null, "tunables": {}, "opt_binary_search": false, "title": "udp_for_benchmarks", "opt_binary_search_percentage": 5}}