{"results": {"total_iterations": 7, "title": "udp_for_benchmarks", "Elapsed Time": 280.4580657482147, "queue_full_percentage": 0.0, "drop_rate_percentage": 0.014332988521272683, "valid_latency": true, "rate_tx_bps": 4873548800.0, "rate_rx_bps": 4887055360.0, "tx_util": 6.396531680000001, "latency": {}, "cpu_util": 3.66048264503479, "tx_pps": 9518643.00000748, "bw_per_core": 11.094959259033203, "rx_pps": 9545026.0, "rate_p": 9.375, "total_tx_L1": 6396531680.005626, "total_rx_L1": 6414259520.0, "tx_bps": 4873548800.004428, "rx_bps": 4887055360.0, "max_rate_bps": 52120981504.0, "iteration": 6, "rate_difference": 0, "ndr_points": [4873548800.004428]}, "config": {"iteration_duration": 40.0, "q_full_resolution": 2.0, "first_run_duration": 40.0, "pdr": 0.1, "pdr_error": 1.0, "ndr_results": 1, "max_iterations": 10, "ports": [0, 1], "cores": 24, "total_cores": 24, "verbose": false, "bi_dir": false, "plugin_file": null, "tunables": {}, "opt_binary_search": false, "title": "udp_for_benchmarks", "opt_binary_search_percentage": 5}}