{"results": {"total_iterations": 7, "title": "udp_for_benchmarks", "Elapsed Time": 280.48930263519287, "queue_full_percentage": 0.0, "drop_rate_percentage": 0.02232708061739553, "valid_latency": true, "rate_tx_bps": 65616797696.0, "rate_rx_bps": 65540993024.0, "tx_util": 68.17995417600001, "latency": {}, "cpu_util": 2.338580846786499, "tx_pps": 16019728.0, "bw_per_core": 233.8198699951172, "rx_pps": 16001218.0, "rate_p": 67.96875, "total_tx_L1": 68179954176.00001, "total_rx_L1": 68101187903.99999, "tx_bps": 65616797696.0, "rx_bps": 65540993024.0, "max_rate_bps": 96377643008.0, "iteration": 6, "rate_difference": 0, "ndr_points": [65616797696.0]}, "config": {"iteration_duration": 40.0, "q_full_resolution": 2.0, "first_run_duration": 40.0, "pdr": 0.1, "pdr_error": 1.0, "ndr_results": 1, "max_iterations": 10, "ports": [0, 1], "cores": 24, "total_cores": 24, "verbose": false, "bi_dir": false, "plugin_file": null, "tunables": {}, "opt_binary_search": false, "title": "udp_for_benchmarks", "opt_binary_search_percentage": 5}}