{"results": {"total_iterations": 0, "title": "bng_flow_stats", "Elapsed Time": 35.09576654434204, "queue_full_percentage": 0.20017204998653365, "drop_rate_percentage": 0, "valid_latency": true, "rate_tx_bps": 24669001728.0, "rate_rx_bps": 24732741632.0, "tx_util": 32.378065408, "latency": {}, "cpu_util": 99.57294464111328, "tx_pps": 48181648.0, "bw_per_core": 6.193700790405273, "rx_pps": 48306148.0, "rate_p": 100.0, "total_tx_L1": 32378065408.0, "total_rx_L1": 32461725312.000004, "tx_bps": 24669001728.0, "rx_bps": 24732741632.0, "max_rate_bps": 24669001728.0, "ndr_points": [24669001728.0]}, "config": {"iteration_duration": 40.0, "q_full_resolution": 2.0, "first_run_duration": 40.0, "pdr": 0.1, "pdr_error": 1.0, "ndr_results": 1, "max_iterations": 10, "ports": [0, 1], "cores": 8, "total_cores": 8, "verbose": false, "bi_dir": false, "plugin_file": null, "tunables": {}, "opt_binary_search": false, "title": "bng_flow_stats", "opt_binary_search_percentage": 5}}