{"results": {"total_iterations": 7, "title": "bng_flow_stats", "Elapsed Time": 281.10217356681824, "queue_full_percentage": 0.0, "drop_rate_percentage": 100.0, "valid_latency": true, "rate_tx_bps": 478737376.0, "rate_rx_bps": 1.3192050043789027e-26, "tx_util": 0.5155633285000001, "latency": {}, "cpu_util": 0.4085083603858948, "tx_pps": 230162.203125, "bw_per_core": 9.765963554382324, "rx_pps": 6.342331809692139e-30, "rate_p": 0, "total_tx_L1": 515563328.50000006, "total_rx_L1": 1.420682313333977e-26, "tx_bps": 478737376.0, "rx_bps": 1.3192050043789027e-26, "max_rate_bps": 60552241152.0, "iteration": 6, "rate_difference": 0, "ndr_points": [478737376.0]}, "config": {"iteration_duration": 40.0, "q_full_resolution": 2.0, "first_run_duration": 40.0, "pdr": 0.1, "pdr_error": 1.0, "ndr_results": 1, "max_iterations": 10, "ports": [0, 1], "cores": 24, "total_cores": 24, "verbose": false, "bi_dir": false, "plugin_file": null, "tunables": {}, "opt_binary_search": false, "title": "bng_flow_stats", "opt_binary_search_percentage": 5}}