{"results": {"total_iterations": 0, "title": "bng_flow_stats", "Elapsed Time": 35.09504008293152, "queue_full_percentage": 0.34568003807263525, "drop_rate_percentage": 0, "valid_latency": true, "rate_tx_bps": 25512484864.0, "rate_rx_bps": 25545189376.0, "tx_util": 33.485135104, "latency": {}, "cpu_util": 99.54486846923828, "tx_pps": 49829064.0, "bw_per_core": 6.407282829284668, "rx_pps": 49892944.0, "rate_p": 100.0, "total_tx_L1": 33485135104.0, "total_rx_L1": 33528060415.999996, "tx_bps": 25512484864.0, "rx_bps": 25545189376.0, "max_rate_bps": 25512484864.0, "ndr_points": [25512484864.0]}, "config": {"iteration_duration": 40.0, "q_full_resolution": 2.0, "first_run_duration": 40.0, "pdr": 0.1, "pdr_error": 1.0, "ndr_results": 1, "max_iterations": 10, "ports": [0, 1], "cores": 8, "total_cores": 8, "verbose": false, "bi_dir": false, "plugin_file": null, "tunables": {}, "opt_binary_search": false, "title": "bng_flow_stats", "opt_binary_search_percentage": 5}}