{"results": {"total_iterations": 7, "title": "udp_for_benchmarks", "Elapsed Time": 280.44911193847656, "queue_full_percentage": 0.0, "drop_rate_percentage": 0.09152200840963892, "valid_latency": true, "rate_tx_bps": 4517643264.0, "rate_rx_bps": 4517736960.0, "tx_util": 5.929406784, "latency": {}, "cpu_util": 3.0485990047454834, "tx_pps": 8823522.000239354, "bw_per_core": 12.348959922790527, "rx_pps": 8823698.0, "rate_p": 7.03125, "total_tx_L1": 5929406784.179994, "total_rx_L1": 5929528640.0, "tx_bps": 4517643264.141697, "rx_bps": 4517736960.0, "max_rate_bps": 64141959168.0, "iteration": 6, "rate_difference": 0, "ndr_points": [4517643264.141697]}, "config": {"iteration_duration": 40.0, "q_full_resolution": 2.0, "first_run_duration": 40.0, "pdr": 0.1, "pdr_error": 1.0, "ndr_results": 1, "max_iterations": 10, "ports": [0, 1], "cores": 24, "total_cores": 24, "verbose": false, "bi_dir": false, "plugin_file": null, "tunables": {}, "opt_binary_search": false, "title": "udp_for_benchmarks", "opt_binary_search_percentage": 5}}