{"results": {"total_iterations": 0, "title": "bng_flow_stats", "Elapsed Time": 35.099202156066895, "queue_full_percentage": 0.022248562737152342, "drop_rate_percentage": 0, "valid_latency": true, "rate_tx_bps": 23791106048.0, "rate_rx_bps": 23807637504.0, "tx_util": 31.225824768, "latency": {}, "cpu_util": 99.52220153808594, "tx_pps": 46466992.0, "bw_per_core": 5.9763312339782715, "rx_pps": 46499296.0, "rate_p": 100.0, "total_tx_L1": 31225824768.0, "total_rx_L1": 31247524864.000004, "tx_bps": 23791106048.0, "rx_bps": 23807637504.0, "max_rate_bps": 23791106048.0, "ndr_points": [23791106048.0]}, "config": {"iteration_duration": 40.0, "q_full_resolution": 2.0, "first_run_duration": 40.0, "pdr": 0.1, "pdr_error": 1.0, "ndr_results": 1, "max_iterations": 10, "ports": [0, 1], "cores": 8, "total_cores": 8, "verbose": false, "bi_dir": false, "plugin_file": null, "tunables": {}, "opt_binary_search": false, "title": "bng_flow_stats", "opt_binary_search_percentage": 5}}