{"results": {"total_iterations": 0, "title": "udp_for_benchmarks", "Elapsed Time": 35.06033802032471, "queue_full_percentage": 0.0, "drop_rate_percentage": 0.057879240565714876, "valid_latency": true, "rate_tx_bps": 98420506624.0, "rate_rx_bps": 98348941312.0, "tx_util": 99.88509750399999, "latency": {}, "cpu_util": 8.23099136352539, "tx_pps": 9153693.0, "bw_per_core": 170.81869506835938, "rx_pps": 9147038.0, "rate_p": 100.0, "total_tx_L1": 99885097503.99998, "total_rx_L1": 99812467392.0, "tx_bps": 98420506624.0, "rx_bps": 98348941312.0, "max_rate_bps": 98420506624.0, "ndr_points": [98420506624.0]}, "config": {"iteration_duration": 40.0, "q_full_resolution": 2.0, "first_run_duration": 40.0, "pdr": 0.1, "pdr_error": 1.0, "ndr_results": 1, "max_iterations": 10, "ports": [0, 1], "cores": 14, "total_cores": 14, "verbose": false, "bi_dir": false, "plugin_file": null, "tunables": {}, "opt_binary_search": false, "title": "udp_for_benchmarks", "opt_binary_search_percentage": 5}}