{"results": {"total_iterations": 0, "title": "bng_flow_stats", "Elapsed Time": 35.761008739471436, "queue_full_percentage": 0.0, "drop_rate_percentage": 0, "valid_latency": true, "rate_tx_bps": 12314572800.0, "rate_rx_bps": 12317187072.0, "tx_util": 16.162875519999996, "latency": {}, "cpu_util": 85.55400848388672, "tx_pps": 24051892.0, "bw_per_core": 1.7992396354675293, "rx_pps": 24057012.0, "rate_p": 100.0, "total_tx_L1": 16162875519.999998, "total_rx_L1": 16166308991.999998, "tx_bps": 12314572800.0, "rx_bps": 12317187072.0, "max_rate_bps": 12314572800.0, "ndr_points": [12314572800.0]}, "config": {"iteration_duration": 40.0, "q_full_resolution": 2.0, "first_run_duration": 40.0, "pdr": 0.1, "pdr_error": 1.0, "ndr_results": 1, "max_iterations": 10, "ports": [0, 1], "cores": 16, "total_cores": 16, "verbose": false, "bi_dir": false, "plugin_file": null, "tunables": {}, "opt_binary_search": false, "title": "bng_flow_stats", "opt_binary_search_percentage": 5}}