{"results": {"total_iterations": 0, "title": "bng_flow_stats", "Elapsed Time": 35.09286427497864, "queue_full_percentage": 0.3176430170005104, "drop_rate_percentage": 0, "valid_latency": true, "rate_tx_bps": 25143781376.0, "rate_rx_bps": 25160636416.0, "tx_util": 33.001213696, "latency": {}, "cpu_util": 99.61007690429688, "tx_pps": 49108952.0, "bw_per_core": 6.310551643371582, "rx_pps": 49141888.0, "rate_p": 100.0, "total_tx_L1": 33001213696.000004, "total_rx_L1": 33023338496.0, "tx_bps": 25143781376.0, "rx_bps": 25160636416.0, "max_rate_bps": 25143781376.0, "ndr_points": [25143781376.0]}, "config": {"iteration_duration": 40.0, "q_full_resolution": 2.0, "first_run_duration": 40.0, "pdr": 0.1, "pdr_error": 1.0, "ndr_results": 1, "max_iterations": 10, "ports": [0, 1], "cores": 8, "total_cores": 8, "verbose": false, "bi_dir": false, "plugin_file": null, "tunables": {}, "opt_binary_search": false, "title": "bng_flow_stats", "opt_binary_search_percentage": 5}}