{"results": {"total_iterations": 7, "title": "bng_flow_stats", "Elapsed Time": 281.4038956165314, "queue_full_percentage": 0.0, "drop_rate_percentage": 100.0, "valid_latency": true, "rate_tx_bps": 470767360.0, "rate_rx_bps": 6.443296419057226e-34, "tx_util": 0.506980235, "latency": {}, "cpu_util": 0.4024801552295685, "tx_pps": 226330.46875, "bw_per_core": 9.74721622467041, "rx_pps": 3.0977386354134814e-37, "rate_p": 0, "total_tx_L1": 506980235.00000006, "total_rx_L1": 6.9389346007233834e-34, "tx_bps": 470767360.0, "rx_bps": 6.443296419057226e-34, "max_rate_bps": 60397760512.0, "iteration": 6, "rate_difference": 0, "ndr_points": [470767360.0]}, "config": {"iteration_duration": 40.0, "q_full_resolution": 2.0, "first_run_duration": 40.0, "pdr": 0.1, "pdr_error": 1.0, "ndr_results": 1, "max_iterations": 10, "ports": [0, 1], "cores": 24, "total_cores": 24, "verbose": false, "bi_dir": false, "plugin_file": null, "tunables": {}, "opt_binary_search": false, "title": "bng_flow_stats", "opt_binary_search_percentage": 5}}