{"results": {"total_iterations": 0, "title": "bng_flow_stats", "Elapsed Time": 35.10139060020447, "queue_full_percentage": 0.3178701530500322, "drop_rate_percentage": 0, "valid_latency": true, "rate_tx_bps": 25115854848.0, "rate_rx_bps": 25002043392.0, "tx_util": 32.964561408, "latency": {}, "cpu_util": 99.61431884765625, "tx_pps": 49054416.0, "bw_per_core": 6.303274154663086, "rx_pps": 48832096.0, "rate_p": 100.0, "total_tx_L1": 32964561407.999996, "total_rx_L1": 32815178752.000004, "tx_bps": 25115854848.0, "rx_bps": 25002043392.0, "max_rate_bps": 25115854848.0, "ndr_points": [25115854848.0]}, "config": {"iteration_duration": 40.0, "q_full_resolution": 2.0, "first_run_duration": 40.0, "pdr": 0.1, "pdr_error": 1.0, "ndr_results": 1, "max_iterations": 10, "ports": [0, 1], "cores": 8, "total_cores": 8, "verbose": false, "bi_dir": false, "plugin_file": null, "tunables": {}, "opt_binary_search": false, "title": "bng_flow_stats", "opt_binary_search_percentage": 5}}