{"results": {"total_iterations": 7, "title": "udp_for_benchmarks", "Elapsed Time": 280.45933628082275, "queue_full_percentage": 0.0, "drop_rate_percentage": 0.09739316655116324, "valid_latency": true, "rate_tx_bps": 20128962560.0, "rate_rx_bps": 20163016704.0, "tx_util": 21.701538239999994, "latency": {}, "cpu_util": 4.709075927734375, "tx_pps": 9828598.0, "bw_per_core": 35.62086486816406, "rx_pps": 9845226.0, "rate_p": 23.4375, "total_tx_L1": 21701538239.999996, "total_rx_L1": 21738252863.999996, "tx_bps": 20128962560.0, "rx_bps": 20163016704.0, "max_rate_bps": 86123986944.0, "iteration": 6, "rate_difference": 0, "ndr_points": [20128962560.0]}, "config": {"iteration_duration": 40.0, "q_full_resolution": 2.0, "first_run_duration": 40.0, "pdr": 0.1, "pdr_error": 1.0, "ndr_results": 1, "max_iterations": 10, "ports": [0, 1], "cores": 24, "total_cores": 24, "verbose": false, "bi_dir": false, "plugin_file": null, "tunables": {}, "opt_binary_search": false, "title": "udp_for_benchmarks", "opt_binary_search_percentage": 5}}