{"results": {"total_iterations": 7, "title": "udp_for_benchmarks", "Elapsed Time": 280.4639141559601, "queue_full_percentage": 0.0, "drop_rate_percentage": 0.0766300275112437, "valid_latency": true, "rate_tx_bps": 70660251648.0, "rate_rx_bps": 70620405760.0, "tx_util": 73.42041676800002, "latency": {}, "cpu_util": 2.5700089931488037, "tx_pps": 17251032.0, "bw_per_core": 229.11805725097656, "rx_pps": 17241308.0, "rate_p": 73.4375, "total_tx_L1": 73420416768.00002, "total_rx_L1": 73379015040.0, "tx_bps": 70660251648.0, "rx_bps": 70620405760.0, "max_rate_bps": 96282222592.0, "iteration": 6, "rate_difference": 0, "ndr_points": [70660251648.0]}, "config": {"iteration_duration": 40.0, "q_full_resolution": 2.0, "first_run_duration": 40.0, "pdr": 0.1, "pdr_error": 1.0, "ndr_results": 1, "max_iterations": 10, "ports": [0, 1], "cores": 24, "total_cores": 24, "verbose": false, "bi_dir": false, "plugin_file": null, "tunables": {}, "opt_binary_search": false, "title": "udp_for_benchmarks", "opt_binary_search_percentage": 5}}