{"results": {"total_iterations": 0, "title": "bng_flow_stats", "Elapsed Time": 35.09468746185303, "queue_full_percentage": 0.005385601830650954, "drop_rate_percentage": 0, "valid_latency": true, "rate_tx_bps": 24007585792.0, "rate_rx_bps": 23906422784.0, "tx_util": 31.509955071999997, "latency": {}, "cpu_util": 99.53770446777344, "tx_pps": 46889808.0, "bw_per_core": 6.02977180480957, "rx_pps": 46692240.0, "rate_p": 100.0, "total_tx_L1": 31509955071.999996, "total_rx_L1": 31377181184.0, "tx_bps": 24007585792.0, "rx_bps": 23906422784.0, "max_rate_bps": 24007585792.0, "ndr_points": [24007585792.0]}, "config": {"iteration_duration": 40.0, "q_full_resolution": 2.0, "first_run_duration": 40.0, "pdr": 0.1, "pdr_error": 1.0, "ndr_results": 1, "max_iterations": 10, "ports": [0, 1], "cores": 8, "total_cores": 8, "verbose": false, "bi_dir": false, "plugin_file": null, "tunables": {}, "opt_binary_search": false, "title": "bng_flow_stats", "opt_binary_search_percentage": 5}}