{"results": {"total_iterations": 7, "title": "bng_flow_stats", "Elapsed Time": 280.5571827888489, "queue_full_percentage": 0.0, "drop_rate_percentage": 0.045521862633227314, "valid_latency": true, "rate_tx_bps": 21750310912.0, "rate_rx_bps": 21762867200.0, "tx_util": 22.593346751999995, "latency": {}, "cpu_util": 4.163970947265625, "tx_pps": 5268974.0, "bw_per_core": 43.52878189086914, "rx_pps": 5272017.0, "rate_p": 22.65625, "total_tx_L1": 22593346751.999996, "total_rx_L1": 22606389920.0, "tx_bps": 21750310912.0, "rx_bps": 21762867200.0, "max_rate_bps": 96167886848.0, "iteration": 6, "rate_difference": 0, "ndr_points": [21750310912.0]}, "config": {"iteration_duration": 40.0, "q_full_resolution": 2.0, "first_run_duration": 40.0, "pdr": 0.1, "pdr_error": 1.0, "ndr_results": 1, "max_iterations": 10, "ports": [0, 1], "cores": 24, "total_cores": 24, "verbose": false, "bi_dir": false, "plugin_file": null, "tunables": {}, "opt_binary_search": false, "title": "bng_flow_stats", "opt_binary_search_percentage": 5}}