{"results": {"total_iterations": 7, "title": "udp_for_benchmarks", "Elapsed Time": 280.48279905319214, "queue_full_percentage": 0.0, "drop_rate_percentage": 0.04596828880819046, "valid_latency": true, "rate_tx_bps": 4465373184.0, "rate_rx_bps": 4465372160.0, "tx_util": 5.860802304, "latency": {}, "cpu_util": 2.881639242172241, "tx_pps": 8721432.12254902, "bw_per_core": 12.913290023803711, "rx_pps": 8721434.0, "rate_p": 7.03125, "total_tx_L1": 5860802396.156862, "total_rx_L1": 5860801600.0, "tx_bps": 4465373256.549019, "rx_bps": 4465372160.0, "max_rate_bps": 63429033984.0, "iteration": 6, "rate_difference": 0, "ndr_points": [4465373256.549019]}, "config": {"iteration_duration": 40.0, "q_full_resolution": 2.0, "first_run_duration": 40.0, "pdr": 0.1, "pdr_error": 1.0, "ndr_results": 1, "max_iterations": 10, "ports": [0, 1], "cores": 24, "total_cores": 24, "verbose": false, "bi_dir": false, "plugin_file": null, "tunables": {}, "opt_binary_search": false, "title": "udp_for_benchmarks", "opt_binary_search_percentage": 5}}