{"results": {"total_iterations": 0, "title": "bng_flow_stats", "Elapsed Time": 35.09969997406006, "queue_full_percentage": 0.19952366269773925, "drop_rate_percentage": 0, "valid_latency": true, "rate_tx_bps": 24703707136.0, "rate_rx_bps": 24736028672.0, "tx_util": 32.423616255999995, "latency": {}, "cpu_util": 99.61416625976562, "tx_pps": 48249432.0, "bw_per_core": 6.19984769821167, "rx_pps": 48312556.0, "rate_p": 100.0, "total_tx_L1": 32423616255.999996, "total_rx_L1": 32466037632.0, "tx_bps": 24703707136.0, "rx_bps": 24736028672.0, "max_rate_bps": 24703707136.0, "ndr_points": [24703707136.0]}, "config": {"iteration_duration": 40.0, "q_full_resolution": 2.0, "first_run_duration": 40.0, "pdr": 0.1, "pdr_error": 1.0, "ndr_results": 1, "max_iterations": 10, "ports": [0, 1], "cores": 8, "total_cores": 8, "verbose": false, "bi_dir": false, "plugin_file": null, "tunables": {}, "opt_binary_search": false, "title": "bng_flow_stats", "opt_binary_search_percentage": 5}}