{"results": {"total_iterations": 7, "title": "bng_flow_stats", "Elapsed Time": 281.10765743255615, "queue_full_percentage": 0.0, "drop_rate_percentage": 100.0, "valid_latency": true, "rate_tx_bps": 257723968.0, "rate_rx_bps": 1.1259386456670534e-23, "tx_util": 0.33352513800000005, "latency": {}, "cpu_util": 0.6343840956687927, "tx_pps": 473757.3125, "bw_per_core": 3.3854880332946777, "rx_pps": 2.0697402118553996e-26, "rate_p": 0, "total_tx_L1": 333525138.00000006, "total_rx_L1": 1.4570970795639174e-23, "tx_bps": 257723968.0, "rx_bps": 1.1259386456670534e-23, "max_rate_bps": 33193807872.0, "iteration": 6, "rate_difference": 0, "ndr_points": [257723968.0]}, "config": {"iteration_duration": 40.0, "q_full_resolution": 2.0, "first_run_duration": 40.0, "pdr": 0.1, "pdr_error": 1.0, "ndr_results": 1, "max_iterations": 10, "ports": [0, 1], "cores": 24, "total_cores": 24, "verbose": false, "bi_dir": false, "plugin_file": null, "tunables": {}, "opt_binary_search": false, "title": "bng_flow_stats", "opt_binary_search_percentage": 5}}