{"results": {"total_iterations": 0, "title": "udp_for_benchmarks", "Elapsed Time": 35.05984044075012, "queue_full_percentage": 0.9859268192188972, "drop_rate_percentage": 0.05799608621017855, "valid_latency": true, "rate_tx_bps": 98077900800.0, "rate_rx_bps": 98006016000.0, "tx_util": 99.88080352, "latency": {}, "cpu_util": 11.712504386901855, "tx_pps": 11268142.0, "bw_per_core": 119.62538146972656, "rx_pps": 11259882.0, "rate_p": 100.0, "total_tx_L1": 99880803520.0, "total_rx_L1": 99807597120.0, "tx_bps": 98077900800.0, "rx_bps": 98006016000.0, "max_rate_bps": 98077900800.0, "ndr_points": [98077900800.0]}, "config": {"iteration_duration": 40.0, "q_full_resolution": 2.0, "first_run_duration": 40.0, "pdr": 0.1, "pdr_error": 1.0, "ndr_results": 1, "max_iterations": 10, "ports": [0, 1], "cores": 14, "total_cores": 14, "verbose": false, "bi_dir": false, "plugin_file": null, "tunables": {}, "opt_binary_search": false, "title": "udp_for_benchmarks", "opt_binary_search_percentage": 5}}