{"results": {"total_iterations": 7, "title": "bng_flow_stats", "Elapsed Time": 281.37842869758606, "queue_full_percentage": 0.0, "drop_rate_percentage": 100.0, "valid_latency": true, "rate_tx_bps": 477489216.0, "rate_rx_bps": 1.1354931964187666e-33, "tx_util": 0.5142193810000001, "latency": {}, "cpu_util": 0.38297706842422485, "tx_pps": 229563.53125, "bw_per_core": 10.389856338500977, "rx_pps": 2.6688052713014928e-17, "rate_p": 0, "total_tx_L1": 514219381.00000006, "total_rx_L1": 2.0069416222522377e-14, "tx_bps": 477489216.0, "rx_bps": 1.579932778843999e-14, "max_rate_bps": 60485947392.0, "iteration": 6, "rate_difference": 0, "ndr_points": [477489216.0]}, "config": {"iteration_duration": 40.0, "q_full_resolution": 2.0, "first_run_duration": 40.0, "pdr": 0.1, "pdr_error": 1.0, "ndr_results": 1, "max_iterations": 10, "ports": [0, 1], "cores": 24, "total_cores": 24, "verbose": false, "bi_dir": false, "plugin_file": null, "tunables": {}, "opt_binary_search": false, "title": "bng_flow_stats", "opt_binary_search_percentage": 5}}