{"results": {"total_iterations": 7, "title": "bng_flow_stats", "Elapsed Time": 281.29371070861816, "queue_full_percentage": 0.0, "drop_rate_percentage": 100.0, "valid_latency": true, "rate_tx_bps": 257102512.0, "rate_rx_bps": 2.8899773816542367e-25, "tx_util": 0.33272090200000004, "latency": {}, "cpu_util": 0.7347790598869324, "tx_pps": 472614.9375, "bw_per_core": 2.9158711433410645, "rx_pps": 5.312458677061016e-28, "rate_p": 0, "total_tx_L1": 332720902.0, "total_rx_L1": 3.7399707699839993e-25, "tx_bps": 257102512.0, "rx_bps": 2.8899773816542367e-25, "max_rate_bps": 33081413632.0, "iteration": 6, "rate_difference": 0, "ndr_points": [257102512.0]}, "config": {"iteration_duration": 40.0, "q_full_resolution": 2.0, "first_run_duration": 40.0, "pdr": 0.1, "pdr_error": 1.0, "ndr_results": 1, "max_iterations": 10, "ports": [0, 1], "cores": 24, "total_cores": 24, "verbose": false, "bi_dir": false, "plugin_file": null, "tunables": {}, "opt_binary_search": false, "title": "bng_flow_stats", "opt_binary_search_percentage": 5}}