{"results": {"total_iterations": 0, "title": "bng_flow_stats", "Elapsed Time": 35.09426164627075, "queue_full_percentage": 0.3197160284414308, "drop_rate_percentage": 0, "valid_latency": true, "rate_tx_bps": 25059794944.0, "rate_rx_bps": 25125666816.0, "tx_util": 32.890980223999996, "latency": {}, "cpu_util": 99.51197814941406, "tx_pps": 48944908.0, "bw_per_core": 6.29567289352417, "rx_pps": 49073560.0, "rate_p": 100.0, "total_tx_L1": 32890980224.0, "total_rx_L1": 32977436416.0, "tx_bps": 25059794944.0, "rx_bps": 25125666816.0, "max_rate_bps": 25059794944.0, "ndr_points": [25059794944.0]}, "config": {"iteration_duration": 40.0, "q_full_resolution": 2.0, "first_run_duration": 40.0, "pdr": 0.1, "pdr_error": 1.0, "ndr_results": 1, "max_iterations": 10, "ports": [0, 1], "cores": 8, "total_cores": 8, "verbose": false, "bi_dir": false, "plugin_file": null, "tunables": {}, "opt_binary_search": false, "title": "bng_flow_stats", "opt_binary_search_percentage": 5}}