{"results": {"total_iterations": 7, "title": "bng_flow_stats", "Elapsed Time": 280.7534747123718, "queue_full_percentage": 0.0, "drop_rate_percentage": 0, "valid_latency": true, "rate_tx_bps": 22488328192.0, "rate_rx_bps": 22504085504.0, "tx_util": 24.218199231999996, "latency": {}, "cpu_util": 5.651066303253174, "tx_pps": 10811694.0, "bw_per_core": 33.1623649597168, "rx_pps": 10819278.000000458, "rate_p": 24.21875, "total_tx_L1": 24218199231.999996, "total_rx_L1": 24235169984.000343, "tx_bps": 22488328192.0, "rx_bps": 22504085504.00027, "max_rate_bps": 93099925504.0, "iteration": 6, "rate_difference": 0, "ndr_points": [22488328192.0]}, "config": {"iteration_duration": 40.0, "q_full_resolution": 2.0, "first_run_duration": 40.0, "pdr": 0.1, "pdr_error": 1.0, "ndr_results": 1, "max_iterations": 10, "ports": [0, 1], "cores": 24, "total_cores": 24, "verbose": false, "bi_dir": false, "plugin_file": null, "tunables": {}, "opt_binary_search": false, "title": "bng_flow_stats", "opt_binary_search_percentage": 5}}