{"results": {"total_iterations": 0, "title": "bng_flow_stats", "Elapsed Time": 35.09782099723816, "queue_full_percentage": 0.3163271071002245, "drop_rate_percentage": 0, "valid_latency": true, "rate_tx_bps": 25162297344.0, "rate_rx_bps": 25199597568.0, "tx_util": 33.02551654399999, "latency": {}, "cpu_util": 99.53469848632812, "tx_pps": 49145120.0, "bw_per_core": 6.319981098175049, "rx_pps": 49217960.0, "rate_p": 100.0, "total_tx_L1": 33025516543.999996, "total_rx_L1": 33074471168.0, "tx_bps": 25162297344.0, "rx_bps": 25199597568.0, "max_rate_bps": 25162297344.0, "ndr_points": [25162297344.0]}, "config": {"iteration_duration": 40.0, "q_full_resolution": 2.0, "first_run_duration": 40.0, "pdr": 0.1, "pdr_error": 1.0, "ndr_results": 1, "max_iterations": 10, "ports": [0, 1], "cores": 8, "total_cores": 8, "verbose": false, "bi_dir": false, "plugin_file": null, "tunables": {}, "opt_binary_search": false, "title": "bng_flow_stats", "opt_binary_search_percentage": 5}}