{"results": {"total_iterations": 7, "title": "bng_flow_stats", "Elapsed Time": 280.58813309669495, "queue_full_percentage": 0.0, "drop_rate_percentage": 0.07145014466278186, "valid_latency": true, "rate_tx_bps": 20302215168.0, "rate_rx_bps": 20299524096.0, "tx_util": 21.089121968000004, "latency": {}, "cpu_util": 4.319250583648682, "tx_pps": 4918167.5, "bw_per_core": 39.17001724243164, "rx_pps": 4917522.0, "rate_p": 21.09375, "total_tx_L1": 21089121968.000004, "total_rx_L1": 21086327616.0, "tx_bps": 20302215168.0, "rx_bps": 20299524096.0, "max_rate_bps": 96296353792.0, "iteration": 6, "rate_difference": 0, "ndr_points": [20302215168.0]}, "config": {"iteration_duration": 40.0, "q_full_resolution": 2.0, "first_run_duration": 40.0, "pdr": 0.1, "pdr_error": 1.0, "ndr_results": 1, "max_iterations": 10, "ports": [0, 1], "cores": 24, "total_cores": 24, "verbose": false, "bi_dir": false, "plugin_file": null, "tunables": {}, "opt_binary_search": false, "title": "bng_flow_stats", "opt_binary_search_percentage": 5}}