{"results": {"total_iterations": 0, "title": "bng_flow_stats", "Elapsed Time": 35.10975170135498, "queue_full_percentage": 0.0, "drop_rate_percentage": 0.0064807350128395546, "valid_latency": true, "rate_tx_bps": 49403604992.0, "rate_rx_bps": 49284382720.0, "tx_util": 64.842235392, "latency": {}, "cpu_util": 98.31572723388672, "tx_pps": 96491440.0, "bw_per_core": 4.187496185302734, "rx_pps": 96258560.0, "rate_p": 100.0, "total_tx_L1": 64842235392.0, "total_rx_L1": 64685752320.0, "tx_bps": 49403604992.0, "rx_bps": 49284382720.0, "max_rate_bps": 49403604992.0, "ndr_points": [49403604992.0]}, "config": {"iteration_duration": 40.0, "q_full_resolution": 2.0, "first_run_duration": 40.0, "pdr": 0.1, "pdr_error": 1.0, "ndr_results": 1, "max_iterations": 10, "ports": [0, 1], "cores": 24, "total_cores": 24, "verbose": false, "bi_dir": false, "plugin_file": null, "tunables": {}, "opt_binary_search": false, "title": "bng_flow_stats", "opt_binary_search_percentage": 5}}