{"results": {"total_iterations": 0, "title": "bng_flow_stats", "Elapsed Time": 35.10075283050537, "queue_full_percentage": 0.7782896202277448, "drop_rate_percentage": 0, "valid_latency": true, "rate_tx_bps": 18026864640.0, "rate_rx_bps": 17964605440.0, "tx_util": 23.660259840000002, "latency": {}, "cpu_util": 99.59831237792969, "tx_pps": 35208720.0, "bw_per_core": 9.049783706665039, "rx_pps": 35087112.0, "rate_p": 100.0, "total_tx_L1": 23660259840.0, "total_rx_L1": 23578543360.0, "tx_bps": 18026864640.0, "rx_bps": 17964605440.0, "max_rate_bps": 18026864640.0, "ndr_points": [18026864640.0]}, "config": {"iteration_duration": 40.0, "q_full_resolution": 2.0, "first_run_duration": 40.0, "pdr": 0.1, "pdr_error": 1.0, "ndr_results": 1, "max_iterations": 10, "ports": [0, 1], "cores": 4, "total_cores": 4, "verbose": false, "bi_dir": false, "plugin_file": null, "tunables": {}, "opt_binary_search": false, "title": "bng_flow_stats", "opt_binary_search_percentage": 5}}