{"results": {"total_iterations": 0, "title": "bng_flow_stats", "Elapsed Time": 35.09446930885315, "queue_full_percentage": 0.3241095327227222, "drop_rate_percentage": 0, "valid_latency": true, "rate_tx_bps": 24995061760.0, "rate_rx_bps": 25013278720.0, "tx_util": 32.806021120000004, "latency": {}, "cpu_util": 99.56641387939453, "tx_pps": 48818496.0, "bw_per_core": 6.27597713470459, "rx_pps": 48854072.0, "rate_p": 100.0, "total_tx_L1": 32806021120.0, "total_rx_L1": 32829930240.0, "tx_bps": 24995061760.0, "rx_bps": 25013278720.0, "max_rate_bps": 24995061760.0, "ndr_points": [24995061760.0]}, "config": {"iteration_duration": 40.0, "q_full_resolution": 2.0, "first_run_duration": 40.0, "pdr": 0.1, "pdr_error": 1.0, "ndr_results": 1, "max_iterations": 10, "ports": [0, 1], "cores": 8, "total_cores": 8, "verbose": false, "bi_dir": false, "plugin_file": null, "tunables": {}, "opt_binary_search": false, "title": "bng_flow_stats", "opt_binary_search_percentage": 5}}