{"results": {"total_iterations": 0, "title": "bng_flow_stats", "Elapsed Time": 35.11425185203552, "queue_full_percentage": 0.0, "drop_rate_percentage": 0.01333342530155351, "valid_latency": true, "rate_tx_bps": 53670494208.0, "rate_rx_bps": 53673975808.0, "tx_util": 70.442526208, "latency": {}, "cpu_util": 98.94554901123047, "tx_pps": 104825200.0, "bw_per_core": 4.520204544067383, "rx_pps": 104832008.0, "rate_p": 100.0, "total_tx_L1": 70442526208.0, "total_rx_L1": 70447097088.0, "tx_bps": 53670494208.0, "rx_bps": 53673975808.0, "max_rate_bps": 53670494208.0, "ndr_points": [53670494208.0]}, "config": {"iteration_duration": 40.0, "q_full_resolution": 2.0, "first_run_duration": 40.0, "pdr": 0.1, "pdr_error": 1.0, "ndr_results": 1, "max_iterations": 10, "ports": [0, 1], "cores": 24, "total_cores": 24, "verbose": false, "bi_dir": false, "plugin_file": null, "tunables": {}, "opt_binary_search": false, "title": "bng_flow_stats", "opt_binary_search_percentage": 5}}