{"results": {"total_iterations": 7, "title": "udp_for_benchmarks", "Elapsed Time": 280.4760980606079, "queue_full_percentage": 0.0, "drop_rate_percentage": 0.08865149813939154, "valid_latency": true, "rate_tx_bps": 82230173696.0, "rate_rx_bps": 82227019776.0, "tx_util": 83.32657561599999, "latency": {}, "cpu_util": 3.0288493633270264, "tx_pps": 6852512.0, "bw_per_core": 226.24151611328125, "rx_pps": 6852250.5, "rate_p": 83.59375, "total_tx_L1": 83326575615.99998, "total_rx_L1": 83323379855.99998, "tx_bps": 82230173696.0, "rx_bps": 82227019776.0, "max_rate_bps": 98696880128.0, "iteration": 6, "rate_difference": 0, "ndr_points": [82230173696.0]}, "config": {"iteration_duration": 40.0, "q_full_resolution": 2.0, "first_run_duration": 40.0, "pdr": 0.1, "pdr_error": 1.0, "ndr_results": 1, "max_iterations": 10, "ports": [0, 1], "cores": 24, "total_cores": 24, "verbose": false, "bi_dir": false, "plugin_file": null, "tunables": {}, "opt_binary_search": false, "title": "udp_for_benchmarks", "opt_binary_search_percentage": 5}}