{"results": {"total_iterations": 7, "title": "udp_for_benchmarks", "Elapsed Time": 280.4807620048523, "queue_full_percentage": 0.0, "drop_rate_percentage": 20.70348140627708, "valid_latency": true, "rate_tx_bps": 752355584.0, "rate_rx_bps": 592535808.0, "tx_util": 0.7817444765000001, "latency": {}, "cpu_util": 0.04279800131917, "tx_pps": 183680.57812502922, "bw_per_core": 146.49351501464844, "rx_pps": 144662.0625, "rate_p": 0, "total_tx_L1": 781744476.5000219, "total_rx_L1": 615681738.0, "tx_bps": 752355584.0000173, "rx_bps": 592535808.0, "max_rate_bps": 96368828416.0, "iteration": 6, "rate_difference": 0, "ndr_points": [752355584.0000173]}, "config": {"iteration_duration": 40.0, "q_full_resolution": 2.0, "first_run_duration": 40.0, "pdr": 0.1, "pdr_error": 1.0, "ndr_results": 1, "max_iterations": 10, "ports": [0, 1], "cores": 24, "total_cores": 24, "verbose": false, "bi_dir": false, "plugin_file": null, "tunables": {}, "opt_binary_search": false, "title": "udp_for_benchmarks", "opt_binary_search_percentage": 5}}