{"results": {"total_iterations": 7, "title": "bng_flow_stats", "Elapsed Time": 281.2309684753418, "queue_full_percentage": 0.0, "drop_rate_percentage": 100.0, "valid_latency": true, "rate_tx_bps": 256241920.0, "rate_rx_bps": 2.7071744741486835e-15, "tx_util": 0.33160729499999997, "latency": {}, "cpu_util": 0.5570587515830994, "tx_pps": 471033.59375, "bw_per_core": 3.8332571983337402, "rx_pps": 4.976423617056809e-18, "rate_p": 0, "total_tx_L1": 331607295.0, "total_rx_L1": 3.503402252877773e-15, "tx_bps": 256241920.0, "rx_bps": 2.7071744741486835e-15, "max_rate_bps": 33091909632.0, "iteration": 6, "rate_difference": 0, "ndr_points": [256241920.0]}, "config": {"iteration_duration": 40.0, "q_full_resolution": 2.0, "first_run_duration": 40.0, "pdr": 0.1, "pdr_error": 1.0, "ndr_results": 1, "max_iterations": 10, "ports": [0, 1], "cores": 24, "total_cores": 24, "verbose": false, "bi_dir": false, "plugin_file": null, "tunables": {}, "opt_binary_search": false, "title": "bng_flow_stats", "opt_binary_search_percentage": 5}}