{"results": {"total_iterations": 7, "title": "udp_for_benchmarks", "Elapsed Time": 280.46063780784607, "queue_full_percentage": 0.0, "drop_rate_percentage": 0.09978870580334591, "valid_latency": true, "rate_tx_bps": 79791357952.0, "rate_rx_bps": 79711772672.0, "tx_util": 86.02505907200002, "latency": {}, "cpu_util": 8.247302055358887, "tx_pps": 38960632.0, "bw_per_core": 80.62370300292969, "rx_pps": 38921760.0, "rate_p": 85.9375, "total_tx_L1": 86025059072.00002, "total_rx_L1": 85939254272.0, "tx_bps": 79791357952.0, "rx_bps": 79711772672.0, "max_rate_bps": 92882067456.0, "iteration": 6, "rate_difference": 0, "ndr_points": [79791357952.0]}, "config": {"iteration_duration": 40.0, "q_full_resolution": 2.0, "first_run_duration": 40.0, "pdr": 0.1, "pdr_error": 1.0, "ndr_results": 1, "max_iterations": 10, "ports": [0, 1], "cores": 24, "total_cores": 24, "verbose": false, "bi_dir": false, "plugin_file": null, "tunables": {}, "opt_binary_search": false, "title": "udp_for_benchmarks", "opt_binary_search_percentage": 5}}