{"results": {"total_iterations": 0, "title": "bng_flow_stats", "Elapsed Time": 35.10697913169861, "queue_full_percentage": 0.0, "drop_rate_percentage": 0.05376579580943311, "valid_latency": true, "rate_tx_bps": 56382582784.0, "rate_rx_bps": 56463769600.0, "tx_util": 74.00214118400001, "latency": {}, "cpu_util": 97.01459503173828, "tx_pps": 110122240.0, "bw_per_core": 4.843135833740234, "rx_pps": 110280800.0, "rate_p": 100.0, "total_tx_L1": 74002141184.0, "total_rx_L1": 74108697600.0, "tx_bps": 56382582784.0, "rx_bps": 56463769600.0, "max_rate_bps": 56382582784.0, "ndr_points": [56382582784.0]}, "config": {"iteration_duration": 40.0, "q_full_resolution": 2.0, "first_run_duration": 40.0, "pdr": 0.1, "pdr_error": 1.0, "ndr_results": 1, "max_iterations": 10, "ports": [0, 1], "cores": 24, "total_cores": 24, "verbose": false, "bi_dir": false, "plugin_file": null, "tunables": {}, "opt_binary_search": false, "title": "bng_flow_stats", "opt_binary_search_percentage": 5}}