{"results": {"total_iterations": 7, "title": "bng_flow_stats", "Elapsed Time": 280.7450604438782, "queue_full_percentage": 0.0, "drop_rate_percentage": 100.0, "valid_latency": true, "rate_tx_bps": 749091456.0, "rate_rx_bps": 7.533706564159388e-21, "tx_util": 0.7781435860000001, "latency": {}, "cpu_util": 0.14233259856700897, "tx_pps": 181575.8125, "bw_per_core": 43.85803985595703, "rx_pps": 1.2725855213649239e-23, "rate_p": 0, "total_tx_L1": 778143586.0000001, "total_rx_L1": 9.569843398343266e-21, "tx_bps": 749091456.0, "rx_bps": 7.533706564159388e-21, "max_rate_bps": 96088309760.0, "iteration": 6, "rate_difference": 0, "ndr_points": [749091456.0]}, "config": {"iteration_duration": 40.0, "q_full_resolution": 2.0, "first_run_duration": 40.0, "pdr": 0.1, "pdr_error": 1.0, "ndr_results": 1, "max_iterations": 10, "ports": [0, 1], "cores": 24, "total_cores": 24, "verbose": false, "bi_dir": false, "plugin_file": null, "tunables": {}, "opt_binary_search": false, "title": "bng_flow_stats", "opt_binary_search_percentage": 5}}