{"results": {"total_iterations": 7, "title": "udp_for_benchmarks", "Elapsed Time": 280.45463275909424, "queue_full_percentage": 0.0, "drop_rate_percentage": 0.09795925209920646, "valid_latency": true, "rate_tx_bps": 11802378240.0, "rate_rx_bps": 11814619136.0, "tx_util": 15.490624000000002, "latency": {}, "cpu_util": 6.634021282196045, "tx_pps": 23051536.0, "bw_per_core": 14.825571060180664, "rx_pps": 23075450.0, "rate_p": 15.625, "total_tx_L1": 15490624000.000002, "total_rx_L1": 15506691136.0, "tx_bps": 11802378240.0, "rx_bps": 11814619136.0, "max_rate_bps": 75579523072.0, "iteration": 6, "rate_difference": 0, "ndr_points": [11802378240.0]}, "config": {"iteration_duration": 40.0, "q_full_resolution": 2.0, "first_run_duration": 40.0, "pdr": 0.1, "pdr_error": 1.0, "ndr_results": 1, "max_iterations": 10, "ports": [0, 1], "cores": 24, "total_cores": 24, "verbose": false, "bi_dir": false, "plugin_file": null, "tunables": {}, "opt_binary_search": false, "title": "udp_for_benchmarks", "opt_binary_search_percentage": 5}}