{"results": {"total_iterations": 7, "title": "udp_for_benchmarks", "Elapsed Time": 280.4691586494446, "queue_full_percentage": 0.0, "drop_rate_percentage": 0.029904733504214284, "valid_latency": true, "rate_tx_bps": 96984645632.0, "rate_rx_bps": 97095983104.0, "tx_util": 98.27777419200001, "latency": {}, "cpu_util": 1.1612415313720703, "tx_pps": 8082053.5, "bw_per_core": 695.98388671875, "rx_pps": 8091332.0, "rate_p": 98.4375, "total_tx_L1": 98277774192.00002, "total_rx_L1": 98390596223.99998, "tx_bps": 96984645632.0, "rx_bps": 97095983104.0, "max_rate_bps": 98546098176.0, "iteration": 6, "rate_difference": 0, "ndr_points": [96984645632.0]}, "config": {"iteration_duration": 40.0, "q_full_resolution": 2.0, "first_run_duration": 40.0, "pdr": 0.1, "pdr_error": 1.0, "ndr_results": 1, "max_iterations": 10, "ports": [0, 1], "cores": 24, "total_cores": 24, "verbose": false, "bi_dir": false, "plugin_file": null, "tunables": {}, "opt_binary_search": false, "title": "udp_for_benchmarks", "opt_binary_search_percentage": 5}}