{"results": {"total_iterations": 0, "title": "bng_flow_stats", "Elapsed Time": 35.09306478500366, "queue_full_percentage": 0.0025253939414235454, "drop_rate_percentage": 0, "valid_latency": true, "rate_tx_bps": 23958140928.0, "rate_rx_bps": 24021174272.0, "tx_util": 31.445060608, "latency": {}, "cpu_util": 99.54052734375, "tx_pps": 46793248.0, "bw_per_core": 6.017182350158691, "rx_pps": 46916352.0, "rate_p": 100.0, "total_tx_L1": 31445060608.0, "total_rx_L1": 31527790592.000004, "tx_bps": 23958140928.0, "rx_bps": 24021174272.0, "max_rate_bps": 23958140928.0, "ndr_points": [23958140928.0]}, "config": {"iteration_duration": 40.0, "q_full_resolution": 2.0, "first_run_duration": 40.0, "pdr": 0.1, "pdr_error": 1.0, "ndr_results": 1, "max_iterations": 10, "ports": [0, 1], "cores": 8, "total_cores": 8, "verbose": false, "bi_dir": false, "plugin_file": null, "tunables": {}, "opt_binary_search": false, "title": "bng_flow_stats", "opt_binary_search_percentage": 5}}