{"results": {"total_iterations": 0, "title": "bng_flow_stats", "Elapsed Time": 35.093520402908325, "queue_full_percentage": 0.19926671374095017, "drop_rate_percentage": 0, "valid_latency": true, "rate_tx_bps": 24696256512.0, "rate_rx_bps": 24712814592.0, "tx_util": 32.413838592, "latency": {}, "cpu_util": 99.58245849609375, "tx_pps": 48234888.0, "bw_per_core": 6.199951648712158, "rx_pps": 48267224.0, "rate_p": 100.0, "total_tx_L1": 32413838592.0, "total_rx_L1": 32435570431.999996, "tx_bps": 24696256512.0, "rx_bps": 24712814592.0, "max_rate_bps": 24696256512.0, "ndr_points": [24696256512.0]}, "config": {"iteration_duration": 40.0, "q_full_resolution": 2.0, "first_run_duration": 40.0, "pdr": 0.1, "pdr_error": 1.0, "ndr_results": 1, "max_iterations": 10, "ports": [0, 1], "cores": 8, "total_cores": 8, "verbose": false, "bi_dir": false, "plugin_file": null, "tunables": {}, "opt_binary_search": false, "title": "bng_flow_stats", "opt_binary_search_percentage": 5}}