{"results": {"total_iterations": 0, "title": "bng_flow_stats", "Elapsed Time": 35.096906661987305, "queue_full_percentage": 0.7664661898241156, "drop_rate_percentage": 0, "valid_latency": true, "rate_tx_bps": 17978978304.0, "rate_rx_bps": 18000742400.0, "tx_util": 23.597409023999997, "latency": {}, "cpu_util": 99.61337280273438, "tx_pps": 35115192.0, "bw_per_core": 9.02437973022461, "rx_pps": 35157692.0, "rate_p": 100.0, "total_tx_L1": 23597409024.0, "total_rx_L1": 23625973120.0, "tx_bps": 17978978304.0, "rx_bps": 18000742400.0, "max_rate_bps": 17978978304.0, "ndr_points": [17978978304.0]}, "config": {"iteration_duration": 40.0, "q_full_resolution": 2.0, "first_run_duration": 40.0, "pdr": 0.1, "pdr_error": 1.0, "ndr_results": 1, "max_iterations": 10, "ports": [0, 1], "cores": 4, "total_cores": 4, "verbose": false, "bi_dir": false, "plugin_file": null, "tunables": {}, "opt_binary_search": false, "title": "bng_flow_stats", "opt_binary_search_percentage": 5}}