{"results": {"total_iterations": 0, "title": "bng_flow_stats", "Elapsed Time": 35.11224055290222, "queue_full_percentage": 0.0, "drop_rate_percentage": 0.033157257740165556, "valid_latency": true, "rate_tx_bps": 49352392704.0, "rate_rx_bps": 49397137408.0, "tx_util": 64.775014144, "latency": {}, "cpu_util": 98.38081359863281, "tx_pps": 96391384.0, "bw_per_core": 4.180387496948242, "rx_pps": 96478784.0, "rate_p": 100.0, "total_tx_L1": 64775014144.0, "total_rx_L1": 64833742848.0, "tx_bps": 49352392704.0, "rx_bps": 49397137408.0, "max_rate_bps": 49352392704.0, "ndr_points": [49352392704.0]}, "config": {"iteration_duration": 40.0, "q_full_resolution": 2.0, "first_run_duration": 40.0, "pdr": 0.1, "pdr_error": 1.0, "ndr_results": 1, "max_iterations": 10, "ports": [0, 1], "cores": 24, "total_cores": 24, "verbose": false, "bi_dir": false, "plugin_file": null, "tunables": {}, "opt_binary_search": false, "title": "bng_flow_stats", "opt_binary_search_percentage": 5}}