{"results": {"total_iterations": 0, "title": "bng_flow_stats", "Elapsed Time": 35.09577465057373, "queue_full_percentage": 0.3150196462879418, "drop_rate_percentage": 0, "valid_latency": true, "rate_tx_bps": 25159737344.0, "rate_rx_bps": 25176102912.0, "tx_util": 33.022155264000006, "latency": {}, "cpu_util": 99.53466033935547, "tx_pps": 49140112.0, "bw_per_core": 6.319340705871582, "rx_pps": 49172072.0, "rate_p": 100.0, "total_tx_L1": 33022155264.0, "total_rx_L1": 33043634432.0, "tx_bps": 25159737344.0, "rx_bps": 25176102912.0, "max_rate_bps": 25159737344.0, "ndr_points": [25159737344.0]}, "config": {"iteration_duration": 40.0, "q_full_resolution": 2.0, "first_run_duration": 40.0, "pdr": 0.1, "pdr_error": 1.0, "ndr_results": 1, "max_iterations": 10, "ports": [0, 1], "cores": 8, "total_cores": 8, "verbose": false, "bi_dir": false, "plugin_file": null, "tunables": {}, "opt_binary_search": false, "title": "bng_flow_stats", "opt_binary_search_percentage": 5}}