{"results": {"total_iterations": 7, "title": "udp_for_benchmarks", "Elapsed Time": 280.46713304519653, "queue_full_percentage": 0.0, "drop_rate_percentage": 0.03833231225709759, "valid_latency": true, "rate_tx_bps": 19580112896.0, "rate_rx_bps": 19580176384.0, "tx_util": 21.109809856000002, "latency": {}, "cpu_util": 4.805090427398682, "tx_pps": 9560606.0, "bw_per_core": 33.957237243652344, "rx_pps": 9560639.0, "rate_p": 22.65625, "total_tx_L1": 21109809856.0, "total_rx_L1": 21109878624.000004, "tx_bps": 19580112896.0, "rx_bps": 19580176384.0, "max_rate_bps": 86246522880.0, "iteration": 6, "rate_difference": 0, "ndr_points": [19580112896.0]}, "config": {"iteration_duration": 40.0, "q_full_resolution": 2.0, "first_run_duration": 40.0, "pdr": 0.1, "pdr_error": 1.0, "ndr_results": 1, "max_iterations": 10, "ports": [0, 1], "cores": 24, "total_cores": 24, "verbose": false, "bi_dir": false, "plugin_file": null, "tunables": {}, "opt_binary_search": false, "title": "udp_for_benchmarks", "opt_binary_search_percentage": 5}}