{"results": {"total_iterations": 7, "title": "bng_flow_stats", "Elapsed Time": 281.1207392215729, "queue_full_percentage": 0.0, "drop_rate_percentage": 100.0, "valid_latency": true, "rate_tx_bps": 470013760.0, "rate_rx_bps": 3.7133696095795193e-32, "tx_util": 0.5061686675, "latency": {}, "cpu_util": 0.39282554388046265, "tx_pps": 225968.171875, "bw_per_core": 9.970791816711426, "rx_pps": 1.7852745836772863e-35, "rate_p": 0, "total_tx_L1": 506168667.50000006, "total_rx_L1": 3.9990135429678857e-32, "tx_bps": 470013760.0, "rx_bps": 3.7133696095795193e-32, "max_rate_bps": 60515127296.0, "iteration": 6, "rate_difference": 0, "ndr_points": [470013760.0]}, "config": {"iteration_duration": 40.0, "q_full_resolution": 2.0, "first_run_duration": 40.0, "pdr": 0.1, "pdr_error": 1.0, "ndr_results": 1, "max_iterations": 10, "ports": [0, 1], "cores": 24, "total_cores": 24, "verbose": false, "bi_dir": false, "plugin_file": null, "tunables": {}, "opt_binary_search": false, "title": "bng_flow_stats", "opt_binary_search_percentage": 5}}