{"results": {"total_iterations": 7, "title": "bng_flow_stats", "Elapsed Time": 280.75748085975647, "queue_full_percentage": 0.0, "drop_rate_percentage": 0.051607910908779024, "valid_latency": true, "rate_tx_bps": 56501587968.0, "rate_rx_bps": 56447672320.0, "tx_util": 74.15833036800001, "latency": {}, "cpu_util": 64.61465454101562, "tx_pps": 110354640.0, "bw_per_core": 7.286993503570557, "rx_pps": 110249360.0, "rate_p": 74.21875, "total_tx_L1": 74158330368.0, "total_rx_L1": 74087569920.0, "tx_bps": 56501587968.0, "rx_bps": 56447672320.0, "max_rate_bps": 76072919040.0, "iteration": 6, "rate_difference": 0, "ndr_points": [56501587968.0]}, "config": {"iteration_duration": 40.0, "q_full_resolution": 2.0, "first_run_duration": 40.0, "pdr": 0.1, "pdr_error": 1.0, "ndr_results": 1, "max_iterations": 10, "ports": [0, 1], "cores": 24, "total_cores": 24, "verbose": false, "bi_dir": false, "plugin_file": null, "tunables": {}, "opt_binary_search": false, "title": "bng_flow_stats", "opt_binary_search_percentage": 5}}