{"results": {"total_iterations": 0, "title": "bng_flow_stats", "Elapsed Time": 35.0934944152832, "queue_full_percentage": 1.6580761772326222, "drop_rate_percentage": 0, "valid_latency": true, "rate_tx_bps": 15238210560.0, "rate_rx_bps": 15281257472.0, "tx_util": 20.000151680000002, "latency": {}, "cpu_util": 99.61707305908203, "tx_pps": 29762132.0, "bw_per_core": 7.648393154144287, "rx_pps": 29846204.0, "rate_p": 100.0, "total_tx_L1": 20000151680.0, "total_rx_L1": 20056650111.999996, "tx_bps": 15238210560.0, "rx_bps": 15281257472.0, "max_rate_bps": 15238210560.0, "ndr_points": [15238210560.0]}, "config": {"iteration_duration": 40.0, "q_full_resolution": 2.0, "first_run_duration": 40.0, "pdr": 0.1, "pdr_error": 1.0, "ndr_results": 1, "max_iterations": 10, "ports": [0, 1], "cores": 4, "total_cores": 4, "verbose": false, "bi_dir": false, "plugin_file": null, "tunables": {}, "opt_binary_search": false, "title": "bng_flow_stats", "opt_binary_search_percentage": 5}}