{"results": {"total_iterations": 0, "title": "bng_flow_stats", "Elapsed Time": 35.09519147872925, "queue_full_percentage": 0.0, "drop_rate_percentage": 0.0013680891211548583, "valid_latency": true, "rate_tx_bps": 56359718912.0, "rate_rx_bps": 56506638336.0, "tx_util": 73.97212979199999, "latency": {}, "cpu_util": 99.60553741455078, "tx_pps": 110077568.0, "bw_per_core": 9.430485725402832, "rx_pps": 110364528.0, "rate_p": 100.0, "total_tx_L1": 73972129792.0, "total_rx_L1": 74164962816.0, "tx_bps": 56359718912.0, "rx_bps": 56506638336.0, "max_rate_bps": 56359718912.0, "ndr_points": [56359718912.0]}, "config": {"iteration_duration": 40.0, "q_full_resolution": 2.0, "first_run_duration": 40.0, "pdr": 0.1, "pdr_error": 1.0, "ndr_results": 1, "max_iterations": 10, "ports": [0, 1], "cores": 12, "total_cores": 12, "verbose": false, "bi_dir": false, "plugin_file": null, "tunables": {}, "opt_binary_search": false, "title": "bng_flow_stats", "opt_binary_search_percentage": 5}}