{"results": {"total_iterations": 7, "title": "udp_for_benchmarks", "Elapsed Time": 280.49063062667847, "queue_full_percentage": 0.0, "drop_rate_percentage": 0.08202051340329979, "valid_latency": true, "rate_tx_bps": 8272652288.0, "rate_rx_bps": 8270532096.0, "tx_util": 10.857856448000001, "latency": {}, "cpu_util": 4.44210147857666, "tx_pps": 16157526.00000748, "bw_per_core": 15.519404411315918, "rx_pps": 16153386.0, "rate_p": 10.9375, "total_tx_L1": 10857856448.005627, "total_rx_L1": 10855073856.0, "tx_bps": 8272652288.004428, "rx_bps": 8270532096.0, "max_rate_bps": 75587698688.0, "iteration": 6, "rate_difference": 0, "ndr_points": [8272652288.004428]}, "config": {"iteration_duration": 40.0, "q_full_resolution": 2.0, "first_run_duration": 40.0, "pdr": 0.1, "pdr_error": 1.0, "ndr_results": 1, "max_iterations": 10, "ports": [0, 1], "cores": 24, "total_cores": 24, "verbose": false, "bi_dir": false, "plugin_file": null, "tunables": {}, "opt_binary_search": false, "title": "udp_for_benchmarks", "opt_binary_search_percentage": 5}}