{"results": {"total_iterations": 7, "title": "udp_for_benchmarks", "Elapsed Time": 280.4675829410553, "queue_full_percentage": 0.0, "drop_rate_percentage": 0.09767532172391934, "valid_latency": true, "rate_tx_bps": 11818494976.0, "rate_rx_bps": 11844449280.0, "tx_util": 15.511773055999997, "latency": {}, "cpu_util": 6.913794994354248, "tx_pps": 23082988.0, "bw_per_core": 14.245064735412598, "rx_pps": 23133690.0, "rate_p": 15.625, "total_tx_L1": 15511773055.999998, "total_rx_L1": 15545839680.0, "tx_bps": 11818494976.0, "rx_bps": 11844449280.0, "max_rate_bps": 75864424448.0, "iteration": 6, "rate_difference": 0, "ndr_points": [11818494976.0]}, "config": {"iteration_duration": 40.0, "q_full_resolution": 2.0, "first_run_duration": 40.0, "pdr": 0.1, "pdr_error": 1.0, "ndr_results": 1, "max_iterations": 10, "ports": [0, 1], "cores": 24, "total_cores": 24, "verbose": false, "bi_dir": false, "plugin_file": null, "tunables": {}, "opt_binary_search": false, "title": "udp_for_benchmarks", "opt_binary_search_percentage": 5}}