{"results": {"total_iterations": 0, "title": "bng_flow_stats", "Elapsed Time": 35.09994316101074, "queue_full_percentage": 0.0052608171992297075, "drop_rate_percentage": 0, "valid_latency": true, "rate_tx_bps": 23929092096.0, "rate_rx_bps": 23944568832.0, "tx_util": 31.406935296, "latency": {}, "cpu_util": 99.52220153808594, "tx_pps": 46736520.0, "bw_per_core": 6.010993480682373, "rx_pps": 46766744.0, "rate_p": 100.0, "total_tx_L1": 31406935296.0, "total_rx_L1": 31427247872.000004, "tx_bps": 23929092096.0, "rx_bps": 23944568832.0, "max_rate_bps": 23929092096.0, "ndr_points": [23929092096.0]}, "config": {"iteration_duration": 40.0, "q_full_resolution": 2.0, "first_run_duration": 40.0, "pdr": 0.1, "pdr_error": 1.0, "ndr_results": 1, "max_iterations": 10, "ports": [0, 1], "cores": 8, "total_cores": 8, "verbose": false, "bi_dir": false, "plugin_file": null, "tunables": {}, "opt_binary_search": false, "title": "bng_flow_stats", "opt_binary_search_percentage": 5}}