{"results": {"total_iterations": 7, "title": "bng_flow_stats", "Elapsed Time": 280.56618547439575, "queue_full_percentage": 0.0, "drop_rate_percentage": 0.05423455406099908, "valid_latency": true, "rate_tx_bps": 17416314880.0, "rate_rx_bps": 17455556608.0, "tx_util": 18.756031519999997, "latency": {}, "cpu_util": 7.699454307556152, "tx_pps": 8373229.0, "bw_per_core": 18.850162506103516, "rx_pps": 8392096.0, "rate_p": 18.75, "total_tx_L1": 18756031519.999996, "total_rx_L1": 18798291968.0, "tx_bps": 17416314880.0, "rx_bps": 17455556608.0, "max_rate_bps": 93019561984.0, "iteration": 6, "rate_difference": 0, "ndr_points": [17416314880.0]}, "config": {"iteration_duration": 40.0, "q_full_resolution": 2.0, "first_run_duration": 40.0, "pdr": 0.1, "pdr_error": 1.0, "ndr_results": 1, "max_iterations": 10, "ports": [0, 1], "cores": 24, "total_cores": 24, "verbose": false, "bi_dir": false, "plugin_file": null, "tunables": {}, "opt_binary_search": false, "title": "bng_flow_stats", "opt_binary_search_percentage": 5}}