{"results": {"total_iterations": 7, "title": "bng_flow_stats", "Elapsed Time": 281.409218788147, "queue_full_percentage": 0.0, "drop_rate_percentage": 100.0, "valid_latency": true, "rate_tx_bps": 634713856.0, "rate_rx_bps": 3.0052086132267806e-32, "tx_util": 0.6593151684999999, "latency": {}, "cpu_util": 0.221605584025383, "tx_pps": 153758.203125, "bw_per_core": 23.868000030517578, "rx_pps": 7.280063090030604e-36, "rate_p": 0, "total_tx_L1": 659315168.5, "total_rx_L1": 3.12168962266727e-32, "tx_bps": 634713856.0, "rx_bps": 3.0052086132267806e-32, "max_rate_bps": 79607545856.0, "iteration": 6, "rate_difference": 0, "ndr_points": [634713856.0]}, "config": {"iteration_duration": 40.0, "q_full_resolution": 2.0, "first_run_duration": 40.0, "pdr": 0.1, "pdr_error": 1.0, "ndr_results": 1, "max_iterations": 10, "ports": [0, 1], "cores": 24, "total_cores": 24, "verbose": false, "bi_dir": false, "plugin_file": null, "tunables": {}, "opt_binary_search": false, "title": "bng_flow_stats", "opt_binary_search_percentage": 5}}