{"results": {"total_iterations": 0, "title": "bng_flow_stats", "Elapsed Time": 35.10417580604553, "queue_full_percentage": 0.0027833544609515873, "drop_rate_percentage": 0, "valid_latency": true, "rate_tx_bps": 23907450880.0, "rate_rx_bps": 23938781184.0, "tx_util": 31.37853056, "latency": {}, "cpu_util": 99.57823181152344, "tx_pps": 46694248.0, "bw_per_core": 6.002178192138672, "rx_pps": 46755428.0, "rate_p": 100.0, "total_tx_L1": 31378530560.0, "total_rx_L1": 31419649664.000004, "tx_bps": 23907450880.0, "rx_bps": 23938781184.0, "max_rate_bps": 23907450880.0, "ndr_points": [23907450880.0]}, "config": {"iteration_duration": 40.0, "q_full_resolution": 2.0, "first_run_duration": 40.0, "pdr": 0.1, "pdr_error": 1.0, "ndr_results": 1, "max_iterations": 10, "ports": [0, 1], "cores": 8, "total_cores": 8, "verbose": false, "bi_dir": false, "plugin_file": null, "tunables": {}, "opt_binary_search": false, "title": "bng_flow_stats", "opt_binary_search_percentage": 5}}