{"results": {"total_iterations": 7, "title": "bng_flow_stats", "Elapsed Time": 281.3754713535309, "queue_full_percentage": 0.0, "drop_rate_percentage": 100.0, "valid_latency": true, "rate_tx_bps": 256563328.0, "rate_rx_bps": 1.837705874052883e-16, "tx_util": 0.33202313299999997, "latency": {}, "cpu_util": 0.5772424340248108, "tx_pps": 471623.78125, "bw_per_core": 3.703864336013794, "rx_pps": 3.3781360867963223e-19, "rate_p": 0, "total_tx_L1": 332023133.0, "total_rx_L1": 2.3782076479402945e-16, "tx_bps": 256563328.0, "rx_bps": 1.837705874052883e-16, "max_rate_bps": 32977809408.0, "iteration": 6, "rate_difference": 0, "ndr_points": [256563328.0]}, "config": {"iteration_duration": 40.0, "q_full_resolution": 2.0, "first_run_duration": 40.0, "pdr": 0.1, "pdr_error": 1.0, "ndr_results": 1, "max_iterations": 10, "ports": [0, 1], "cores": 24, "total_cores": 24, "verbose": false, "bi_dir": false, "plugin_file": null, "tunables": {}, "opt_binary_search": false, "title": "bng_flow_stats", "opt_binary_search_percentage": 5}}