{"results": {"total_iterations": 7, "title": "bng_flow_stats", "Elapsed Time": 280.51578974723816, "queue_full_percentage": 0.0, "drop_rate_percentage": 0.09891167126717196, "valid_latency": true, "rate_tx_bps": 38368407552.0, "rate_rx_bps": 38407749632.0, "tx_util": 39.85555571199999, "latency": {}, "cpu_util": 3.712343454360962, "tx_pps": 9294676.0, "bw_per_core": 86.12799835205078, "rx_pps": 9304198.0, "rate_p": 39.84375, "total_tx_L1": 39855555711.99999, "total_rx_L1": 39896421312.0, "tx_bps": 38368407552.0, "rx_bps": 38407749632.0, "max_rate_bps": 96351199232.0, "iteration": 6, "rate_difference": 0, "ndr_points": [38368407552.0]}, "config": {"iteration_duration": 40.0, "q_full_resolution": 2.0, "first_run_duration": 40.0, "pdr": 0.1, "pdr_error": 1.0, "ndr_results": 1, "max_iterations": 10, "ports": [0, 1], "cores": 24, "total_cores": 24, "verbose": false, "bi_dir": false, "plugin_file": null, "tunables": {}, "opt_binary_search": false, "title": "bng_flow_stats", "opt_binary_search_percentage": 5}}