{"results": {"total_iterations": 0, "title": "bng_flow_stats", "Elapsed Time": 35.0879909992218, "queue_full_percentage": 0.32262874420195226, "drop_rate_percentage": 0, "valid_latency": true, "rate_tx_bps": 24989198336.0, "rate_rx_bps": 25021984768.0, "tx_util": 32.798324736000005, "latency": {}, "cpu_util": 99.58220672607422, "tx_pps": 48807040.0, "bw_per_core": 6.273509979248047, "rx_pps": 48871064.0, "rate_p": 100.0, "total_tx_L1": 32798324736.000004, "total_rx_L1": 32841355008.0, "tx_bps": 24989198336.0, "rx_bps": 25021984768.0, "max_rate_bps": 24989198336.0, "ndr_points": [24989198336.0]}, "config": {"iteration_duration": 40.0, "q_full_resolution": 2.0, "first_run_duration": 40.0, "pdr": 0.1, "pdr_error": 1.0, "ndr_results": 1, "max_iterations": 10, "ports": [0, 1], "cores": 8, "total_cores": 8, "verbose": false, "bi_dir": false, "plugin_file": null, "tunables": {}, "opt_binary_search": false, "title": "bng_flow_stats", "opt_binary_search_percentage": 5}}