{"results": {"total_iterations": 7, "title": "udp_for_benchmarks", "Elapsed Time": 280.4818856716156, "queue_full_percentage": 0.0, "drop_rate_percentage": 0.06396290534069485, "valid_latency": true, "rate_tx_bps": 85752446976.0, "rate_rx_bps": 85755936768.0, "tx_util": 86.89581337600002, "latency": {}, "cpu_util": 3.1633341312408447, "tx_pps": 7146040.0, "bw_per_core": 225.90206909179688, "rx_pps": 7146328.0, "rate_p": 86.71875, "total_tx_L1": 86895813376.00002, "total_rx_L1": 86899349248.0, "tx_bps": 85752446976.0, "rx_bps": 85755936768.0, "max_rate_bps": 98794946560.0, "iteration": 6, "rate_difference": 0, "ndr_points": [85752446976.0]}, "config": {"iteration_duration": 40.0, "q_full_resolution": 2.0, "first_run_duration": 40.0, "pdr": 0.1, "pdr_error": 1.0, "ndr_results": 1, "max_iterations": 10, "ports": [0, 1], "cores": 24, "total_cores": 24, "verbose": false, "bi_dir": false, "plugin_file": null, "tunables": {}, "opt_binary_search": false, "title": "udp_for_benchmarks", "opt_binary_search_percentage": 5}}