{"results": {"total_iterations": 0, "title": "bng_flow_stats", "Elapsed Time": 35.09782385826111, "queue_full_percentage": 0.34561510293126213, "drop_rate_percentage": 0, "valid_latency": true, "rate_tx_bps": 25500086272.0, "rate_rx_bps": 25532123136.0, "tx_util": 33.468863232000004, "latency": {}, "cpu_util": 99.621337890625, "tx_pps": 49804856.0, "bw_per_core": 6.399252891540527, "rx_pps": 49867420.0, "rate_p": 100.0, "total_tx_L1": 33468863232.0, "total_rx_L1": 33510910336.0, "tx_bps": 25500086272.0, "rx_bps": 25532123136.0, "max_rate_bps": 25500086272.0, "ndr_points": [25500086272.0]}, "config": {"iteration_duration": 40.0, "q_full_resolution": 2.0, "first_run_duration": 40.0, "pdr": 0.1, "pdr_error": 1.0, "ndr_results": 1, "max_iterations": 10, "ports": [0, 1], "cores": 8, "total_cores": 8, "verbose": false, "bi_dir": false, "plugin_file": null, "tunables": {}, "opt_binary_search": false, "title": "bng_flow_stats", "opt_binary_search_percentage": 5}}