{"results": {"total_iterations": 0, "title": "bng_flow_stats", "Elapsed Time": 35.09792399406433, "queue_full_percentage": 0.0026626990163374454, "drop_rate_percentage": 0, "valid_latency": true, "rate_tx_bps": 23903576064.0, "rate_rx_bps": 23919675392.0, "tx_util": 31.373442303999997, "latency": {}, "cpu_util": 99.55074310302734, "tx_pps": 46686664.0, "bw_per_core": 6.002862453460693, "rx_pps": 46718128.0, "rate_p": 100.0, "total_tx_L1": 31373442303.999996, "total_rx_L1": 31394575871.999996, "tx_bps": 23903576064.0, "rx_bps": 23919675392.0, "max_rate_bps": 23903576064.0, "ndr_points": [23903576064.0]}, "config": {"iteration_duration": 40.0, "q_full_resolution": 2.0, "first_run_duration": 40.0, "pdr": 0.1, "pdr_error": 1.0, "ndr_results": 1, "max_iterations": 10, "ports": [0, 1], "cores": 8, "total_cores": 8, "verbose": false, "bi_dir": false, "plugin_file": null, "tunables": {}, "opt_binary_search": false, "title": "bng_flow_stats", "opt_binary_search_percentage": 5}}