{"results": {"total_iterations": 0, "title": "bng_flow_stats", "Elapsed Time": 35.10333871841431, "queue_full_percentage": 0.0, "drop_rate_percentage": 0.03926152547395751, "valid_latency": true, "rate_tx_bps": 56517570560.0, "rate_rx_bps": 56549945344.0, "tx_util": 74.17931263999999, "latency": {}, "cpu_util": 97.00439453125, "tx_pps": 110385888.0, "bw_per_core": 4.855241298675537, "rx_pps": 110449112.0, "rate_p": 100.0, "total_tx_L1": 74179312640.0, "total_rx_L1": 74221803264.0, "tx_bps": 56517570560.0, "rx_bps": 56549945344.0, "max_rate_bps": 56517570560.0, "ndr_points": [56517570560.0]}, "config": {"iteration_duration": 40.0, "q_full_resolution": 2.0, "first_run_duration": 40.0, "pdr": 0.1, "pdr_error": 1.0, "ndr_results": 1, "max_iterations": 10, "ports": [0, 1], "cores": 24, "total_cores": 24, "verbose": false, "bi_dir": false, "plugin_file": null, "tunables": {}, "opt_binary_search": false, "title": "bng_flow_stats", "opt_binary_search_percentage": 5}}